name,url,rss,api,country,state,city,coverage,category,industry,source_type,signals,language,free,notes
Accel,https://www.accel.com,,,United States,,,Global,Venture Capital,Technology,VC Firm,Funding; Portfolio Companies; Executive Hire; Product Launch,English,Free,Official source URL verified on 2026-07-27.
ADP Research,https://www.adpresearch.com,,,United States,,,Global,Labor Market Intelligence,Human Resources,Research Institute,Labor Market Trends; Employment Trends; Salary Trends,English,Free,Official source URL verified on 2026-07-27.
Aerospace Industries Association,https://www.aia-aerospace.org,,,United States,,,Global,Industry Association,Aerospace & Defense,Industry Association,Policy; Government Contract; Workforce Trends; Regulation,English,Free,Official source URL verified on 2026-07-27.
Al Jazeera,https://www.aljazeera.com,,,Qatar,,,Global,Global News,Multi-industry,News Organization,Companies; Funding; Hiring; Partnership; Economic Development,English,Free/Paid,Official source URL verified on 2026-07-27.
Alibaba Group Newsroom,https://www.alibabagroup.com/en-US/news-and-media,,,China,,,Global,Company Newsroom,Technology; E-commerce,Company Newsroom,Earnings; Product Launch; Partnership; Executive Hire; Geographic Expansion,English,Free,Official source URL verified on 2026-07-27.
Amazon News,https://www.aboutamazon.com/news,,,United States,,,Global,Company Newsroom,Technology; Retail; Logistics,Company Newsroom,Hiring Plans; Layoffs; Product Launch; New Facility; Partnership,English,Free,Official source URL verified on 2026-07-27.
American City Business Journals,https://www.bizjournals.com,,,United States,,,National,Business Journals,Multi-industry,Publisher,Companies; Funding; Hiring; Partnership; Economic Development,English,Free/Paid,Official source URL verified on 2026-07-27.
American Economic Association,https://www.aeaweb.org,,,United States,,,Global,Economic Research,Economics,Professional Association,Companies; Funding; Hiring; Partnership; Economic Development,English,Free/Paid,Official source URL verified on 2026-07-27.
American Hospital Association,https://www.aha.org,,,United States,,,National,Industry Association,Healthcare,Industry Association,Companies; Funding; Hiring; Partnership; Economic Development,English,Free/Paid,Official source URL verified on 2026-07-27.
American Medical Association,https://www.ama-assn.org,,,United States,,,National,Professional Association,Healthcare,Professional Association,Companies; Funding; Hiring; Partnership; Economic Development,English,Free/Paid,Official source URL verified on 2026-07-27.
American Staffing Association,https://americanstaffing.net,,,United States,,,National,Industry Association,Human Resources,Industry Association,Companies; Funding; Hiring; Partnership; Economic Development,English,Free/Paid,Official source URL verified on 2026-07-27.
American Trucking Associations,https://www.trucking.org,,,United States,,,National,Industry Association,Transportation,Industry Association,Companies; Funding; Hiring; Partnership; Economic Development,English,Free/Paid,Official source URL verified on 2026-07-27.
Andreessen Horowitz,https://a16z.com,,,United States,,,Global,Venture Capital,Technology,VC Firm,Funding; Portfolio Companies; AI; FinTech; Healthcare,English,Free,Official source URL verified on 2026-07-27.
AngelList,https://angel.co,,,United States,,,Global,Startup Ecosystem,Technology,Startup Platform,Funding; Startups; Job Postings; Investors,English,Free/Paid,Official source URL verified on 2026-07-27.
"Antitrust Division, DOJ",https://www.justice.gov/atr,,,United States,,,National,Government Agency,Government,Government Agency,Companies; Funding; Hiring; Partnership; Economic Development,English,Free/Paid,Official source URL verified on 2026-07-27.
Antler,https://www.antler.co,,,Singapore,,,Global,Startup Ecosystem,Technology,Accelerator,Funding; Startups; Incubator; Hiring,English,Free,Official source URL verified on 2026-07-27.
AP News,https://apnews.com,,,United States,,,Global,Global Business News,Multi-industry,News Organization,Companies; Government; Regulation; Executive Hire; Layoffs,English,Free,Official source URL verified on 2026-07-27.
Apache Software Foundation,https://www.apache.org,,,United States,,,Global,Open Source Community,Technology,Nonprofit Foundation,Open Source; Product Launch; Partnership; Developer Community,English,Free,Official source URL verified on 2026-07-27.
Apple Newsroom,https://www.apple.com/newsroom/,,,United States,,,Global,Company Newsroom,Technology,Company Newsroom,Companies; Funding; Hiring; Partnership; Economic Development,English,Free/Paid,Official source URL verified on 2026-07-27.
Arizona Commerce Authority,https://www.azcommerce.com,,,United States,,,State,Economic Development,Government,Government Agency,Companies; Funding; Hiring; Partnership; Economic Development,English,Free/Paid,Official source URL verified on 2026-07-27.
Arkansas Economic Development Commission,https://www.arkansasedc.com,,,United States,,,State,Economic Development,Government,Government Agency,Companies; Funding; Hiring; Partnership; Economic Development,English,Free/Paid,Official source URL verified on 2026-07-27.
Associated Press Jobs Data,https://apnews.com/hub/jobs,,,United States,,,Global,Labor & Business News,Multi-industry,News Organization,Labor Market Trends; Layoffs; Hiring Plans; Regulation,English,Free,Official source URL verified on 2026-07-27.
Atlanta Business Chronicle,https://www.bizjournals.com/atlanta,,,United States,,,Metro,Business Journal,Multi-industry,Business Journal,Companies; Funding; Hiring; Partnership; Economic Development,English,Free/Paid,Official source URL verified on 2026-07-27.
Australian Securities and Investments Commission,https://asic.gov.au,,,Australia,,,National,Regulatory Filings,Finance,Regulator,Company Filings; Regulation; Enforcement; Insolvency,English,Free,Official source URL verified on 2026-07-27.
Axios,https://www.axios.com,,,United States,,,United States / Global,Business & Policy News,Multi-industry,News Organization,Companies; Policy; Labor Market Trends; Technology; Executive Hire,English,Free,Official source URL verified on 2026-07-27.
Bain & Company Insights,https://www.bain.com/insights/,,,United States,,,Global,Professional Services Research,Multi-industry,Professional Services Firm,Companies; Funding; Hiring; Partnership; Economic Development,English,Free/Paid,Official source URL verified on 2026-07-27.
Bain Capital,https://www.baincapital.com,,,United States,,,Global,Private Equity,Finance,Private Equity Firm,Companies; Funding; Hiring; Partnership; Economic Development,English,Free/Paid,Official source URL verified on 2026-07-27.
Bank for International Settlements,https://www.bis.org,,,Switzerland,,,Global,Economic Data,Finance,International Organization,Companies; Funding; Hiring; Partnership; Economic Development,English,Free/Paid,Official source URL verified on 2026-07-27.
Bank of England,https://www.bankofengland.co.uk,,,United Kingdom,,,National,Economic Data,Economics,Central Bank,Companies; Funding; Hiring; Partnership; Economic Development,English,Free/Paid,Official source URL verified on 2026-07-27.
Berkeley SkyDeck,https://skydeck.berkeley.edu,,,United States,,,University,University Innovation,Technology,Accelerator,Companies; Funding; Hiring; Partnership; Economic Development,English,Free/Paid,Official source URL verified on 2026-07-27.
Bessemer Venture Partners,https://www.bvp.com,,,United States,,,Global,Venture Capital,Technology,VC Firm,Funding; Portfolio Companies; Cloud; Healthcare; FinTech,English,Free,Official source URL verified on 2026-07-27.
Biocom California,https://www.biocom.org,,,United States,,,State,Industry Association,Biotechnology,Industry Association,Companies; Funding; Hiring; Partnership; Economic Development,English,Free/Paid,Official source URL verified on 2026-07-27.
BioPharma Dive,https://www.biopharmadive.com,,,United States,,,National,Trade Publication,Biotechnology; Pharmaceuticals,News Organization,Companies; Funding; Hiring; Partnership; Economic Development,English,Free/Paid,Official source URL verified on 2026-07-27.
BlackRock,https://www.blackrock.com,,,United States,,,Global,Financial Intelligence,Finance,Asset Manager,Markets; Investment; Economic Trends; Executive Hire,English,Free/Paid,Official source URL verified on 2026-07-27.
Blackstone,https://www.blackstone.com,,,United States,,,Global,Private Equity,Multi-industry,Private Equity Firm,Acquisition; Investment; Portfolio Companies; Real Estate,English,Free,Official source URL verified on 2026-07-27.
Bloomberg,https://www.bloomberg.com,,,United States,,,Global,Financial & Business News,Multi-industry,News Organization,Markets; Companies; IPO; Acquisition; Executive Hire; Earnings,English,Free/Paid,Official source URL verified on 2026-07-27.
Boeing Newsroom,https://www.boeing.com/newsroom/,,,United States,,,Global,Company Newsroom,Aerospace & Defense,Company Newsroom,Companies; Funding; Hiring; Partnership; Economic Development,English,Free/Paid,Official source URL verified on 2026-07-27.
Boston Business Journal,https://www.bizjournals.com/boston,,,United States,Massachusetts,Boston,Metro,Business Journal,Multi-industry,Business Journal,Companies; Executive Hire; Hiring Plans; Funding; Office Opening,English,Free/Paid,Official source URL verified on 2026-07-27.
Boston Consulting Group Insights,https://www.bcg.com/publications,,,United States,,,Global,Professional Services Research,Multi-industry,Professional Services Firm,Companies; Funding; Hiring; Partnership; Economic Development,English,Free/Paid,Official source URL verified on 2026-07-27.
Boston Globe Business,https://www.bostonglobe.com/business/,,,United States,Massachusetts,Boston,Metro,Business News,Multi-industry,News Organization,Companies; Labor Market Trends; Economic Development; Regulation,English,Free/Paid,Official source URL verified on 2026-07-27.
Boston Scientific Newsroom,https://news.bostonscientific.com,,,United States,,,Global,Company Newsroom,Medical Devices,Company Newsroom,Companies; Funding; Hiring; Partnership; Economic Development,English,Free/Paid,Official source URL verified on 2026-07-27.
Brookings Institution,https://www.brookings.edu,,,United States,,,Global,Policy Research,Public Policy,Research Institute,Companies; Funding; Hiring; Partnership; Economic Development,English,Free/Paid,Official source URL verified on 2026-07-27.
Built In,https://builtin.com,,,United States,,,United States,Talent Intelligence,Technology,Job Platform,Job Postings; Hiring Plans; Skills Trends; Technology,English,Free,Official source URL verified on 2026-07-27.
Bureau of Economic Analysis,https://www.bea.gov,,,United States,,,Global,Government Open Data,Economics,Government Agency,Economic Development; Revenue; Employment Trends; Industry Data,English,Free,Official source URL verified on 2026-07-27.
Bureau of Labor Statistics,https://www.bls.gov,https://www.bls.gov/feed/bls_latest.rss,,United States,,,Global,Labor Market Intelligence,Labor Market,Government Agency,Labor Market Trends; Employment Trends; Salary Trends; Job Openings,English,Free,Official source URL verified on 2026-07-27.
Bureau van Dijk,https://www.bvdinfo.com,,,Belgium,,,Global,Company Intelligence,Finance,Data Provider,Companies; Funding; Hiring; Partnership; Economic Development,English,Free/Paid,Official source URL verified on 2026-07-27.
Business Insider,https://www.businessinsider.com,,,United States,,,Global,Business News,Multi-industry,News Organization,Companies; Startups; Layoffs; Executive Hire; Technology,English,Free/Paid,Official source URL verified on 2026-07-27.
Business Wire,https://www.businesswire.com,,,United States,,,Global,Press Release Service,Multi-industry,Press Release Service,Earnings; Funding; Product Launch; Partnership; Executive Hire,English,Free,Official source URL verified on 2026-07-27.
California Employment Development Department,https://edd.ca.gov,,,United States,California,,State,Labor Market Intelligence,Labor Market,Government Agency,Employment Trends; Salary Trends; Labor Market Trends; Grants,English,Free,Official source URL verified on 2026-07-27.
CalMatters,https://calmatters.org,,,United States,California,,State,Policy & Business News,Government,News Organization,Regulation; Labor Market Trends; Economic Development; Government,English,Free,Official source URL verified on 2026-07-27.
Cambridge Innovation Center,https://cic.com,,,United States,,,Global,Startup Ecosystem,Technology,Innovation Hub,Companies; Funding; Hiring; Partnership; Economic Development,English,Free/Paid,Official source URL verified on 2026-07-27.
CanadaBuys,https://canadabuys.canada.ca,,,Canada,,,National,Public Procurement,Government,Government Portal,Procurement; Government Contract; Federal Contract,English,Free,Official source URL verified on 2026-07-27.
Canadian Intellectual Property Office,https://ised-isde.canada.ca/site/canadian-intellectual-property-office/en,,,Canada,,,National,Patent & Trademark Database,Intellectual Property,Government Agency,Companies; Funding; Hiring; Partnership; Economic Development,English,Free/Paid,Official source URL verified on 2026-07-27.
Canadian Securities Administrators,https://www.securities-administrators.ca,,,Canada,,,National,Regulatory Filings,Finance,Regulator,Regulation; Enforcement; Securities Filing,English,Free,Official source URL verified on 2026-07-27.
Capital Factory,https://capitalfactory.com,,,United States,,,Metro,Startup Ecosystem,Technology,Accelerator,Companies; Funding; Hiring; Partnership; Economic Development,English,Free/Paid,Official source URL verified on 2026-07-27.
Carnegie Mellon Center for Technology Transfer,https://www.cmu.edu/cttec/,,,United States,,,University,University Innovation,Technology,Technology Transfer Office,Companies; Funding; Hiring; Partnership; Economic Development,English,Free/Paid,Official source URL verified on 2026-07-27.
Carta,https://carta.com,,,United States,,,Global,Private Market Intelligence,Finance,Data Provider,Funding; Valuation; Equity; Startups,English,Free/Paid,Official source URL verified on 2026-07-27.
CB Insights,https://www.cbinsights.com,,,United States,,,Global,Market Intelligence,Technology,Data Provider,Funding; Acquisition; Startups; Market Maps; Technology Trends,English,Paid,Official source URL verified on 2026-07-27.
Cedefop,https://www.cedefop.europa.eu,,,Greece,,,Europe,Skills Intelligence,Education & Labor,EU Agency,Skills Trends; Labor Market Trends; Workforce Planning,English,Free,Official source URL verified on 2026-07-27.
CEIC Data,https://www.ceicdata.com,,,Hong Kong,,,Global,Economic Data,Economics,Data Provider,Economic Development; Labor Market Trends; Industry Data,English,Free/Paid,Official source URL verified on 2026-07-27.
Census Business Builder,https://cbb.census.gov,,,United States,,,National,Government Open Data,Economics,Government Portal,Companies; Funding; Hiring; Partnership; Economic Development,English,Free/Paid,Official source URL verified on 2026-07-27.
Center for American Progress,https://www.americanprogress.org,,,United States,,,National,Policy Research,Public Policy,Research Institute,Companies; Funding; Hiring; Partnership; Economic Development,English,Free/Paid,Official source URL verified on 2026-07-27.
Center for Strategic and International Studies,https://www.csis.org,,,United States,,,Global,Policy Research,Government,Research Institute,Companies; Funding; Hiring; Partnership; Economic Development,English,Free/Paid,Official source URL verified on 2026-07-27.
Centers for Disease Control and Prevention,https://www.cdc.gov,,,United States,,,Global,Government Open Data,Healthcare,Government Agency,Healthcare Trends; Regulation; Grants; Research,English,Free,Official source URL verified on 2026-07-27.
CERN,https://home.cern,,,Switzerland,,,Global,Research Institute,Science & Technology,Research Institute,Research Publication; Hiring; Partnership; Technology,English,Free,Official source URL verified on 2026-07-27.
Chicago Business,https://www.chicagobusiness.com,,,United States,Illinois,Chicago,Metro,Business Journal,Multi-industry,Business Journal,Companies; Executive Hire; Hiring Plans; Office Opening; Acquisition,English,Free/Paid,Official source URL verified on 2026-07-27.
Chicago Innovation,https://www.chicagoinnovation.com,,,United States,,,Metro,Startup Ecosystem,Technology,Innovation Hub,Companies; Funding; Hiring; Partnership; Economic Development,English,Free/Paid,Official source URL verified on 2026-07-27.
CIO,https://www.cio.com,,,United States,,,Global,Technology News,Technology,Trade Publication,CIO Change; Product Launch; Cybersecurity; Technology,English,Free,Official source URL verified on 2026-07-27.
Cisco Newsroom,https://newsroom.cisco.com,,,United States,,,Global,Company Newsroom,Technology,Company Newsroom,Product Launch; Partnership; Cybersecurity; Executive Hire,English,Free,Official source URL verified on 2026-07-27.
City of Austin Economic Development,https://www.austintexas.gov/department/economic-development,,,United States,Texas,Austin,City,Economic Development,Government,Government Agency,Economic Development; New Facility; Hiring Plans; Grant,English,Free,Official source URL verified on 2026-07-27.
City of San Antonio Economic Development,https://www.sanantonio.gov/EDD,,,United States,,,City,Economic Development,Government,Government Agency,Companies; Funding; Hiring; Partnership; Economic Development,English,Free/Paid,Official source URL verified on 2026-07-27.
CityLab,https://www.bloomberg.com/citylab,,,United States,,,Global,Urban & Economic Development News,Government,News Organization,Companies; Funding; Hiring; Partnership; Economic Development,English,Free/Paid,Official source URL verified on 2026-07-27.
Cleantech Group,https://www.cleantech.com,,,United States,,,Global,Market Intelligence,Climate Tech,Data Provider,Companies; Funding; Hiring; Partnership; Economic Development,English,Free/Paid,Official source URL verified on 2026-07-27.
Cleveland Business Journal,https://www.bizjournals.com/cleveland,,,United States,,,Metro,Business Journal,Multi-industry,Business Journal,Companies; Funding; Hiring; Partnership; Economic Development,English,Free/Paid,Official source URL verified on 2026-07-27.
Cloud Native Computing Foundation,https://www.cncf.io,,,United States,,,Global,Open Source Community,Technology,Nonprofit Foundation,Open Source; Developer Community; Technology; Conferences,English,Free,Official source URL verified on 2026-07-27.
CNBC,https://www.cnbc.com,,,United States,,,Global,Financial News,Multi-industry,News Organization,Markets; Companies; Earnings; IPO; Executive Hire,English,Free/Paid,Official source URL verified on 2026-07-27.
Colorado Office of Economic Development and International Trade,https://oedit.colorado.gov,,,United States,Colorado,,State,Economic Development,Government,Government Agency,Economic Development; Grant; New Facility; Hiring Plans,English,Free,Official source URL verified on 2026-07-27.
Columbia Startup Lab,https://www.columbiastartupslab.org,,,United States,,,Metro,Startup Ecosystem,Technology,Incubator,Companies; Funding; Hiring; Partnership; Economic Development,English,Free/Paid,Official source URL verified on 2026-07-27.
Columbia Technology Ventures,https://techventures.columbia.edu,,,United States,New York,New York,University,University Innovation,Science & Technology,Technology Transfer Office,University Research; Spinout; Patent; Licensing,English,Free,Official source URL verified on 2026-07-27.
Commercial Observer,https://commercialobserver.com,,,United States,,,United States,Trade Publication,Commercial Real Estate,News Organization,Office Opening; Office Closure; New Facility; Acquisition,English,Free/Paid,Official source URL verified on 2026-07-27.
CommercialCafe,https://www.commercialcafe.com,,,United States,,,National,Commercial Real Estate Intelligence,Commercial Real Estate,Data Provider,Companies; Funding; Hiring; Partnership; Economic Development,English,Free/Paid,Official source URL verified on 2026-07-27.
Companies House,https://find-and-update.company-information.service.gov.uk,,,United Kingdom,,,National,International Regulatory Filings,Multi-industry,Government Registry,Company Filings; Incorporation; Executive Appointment; Insolvency,English,Free,Official source URL verified on 2026-07-27.
CompTIA,https://www.comptia.org,,,United States,,,Global,Industry Association,Technology,Industry Association,Skills Trends; Workforce Trends; Technology; Policy,English,Free/Paid,Official source URL verified on 2026-07-27.
Computerworld,https://www.computerworld.com,,,United States,,,Global,Technology News,Technology,Trade Publication,Product Launch; Cybersecurity; CIO Change; Technology,English,Free,Official source URL verified on 2026-07-27.
Congress.gov,https://www.congress.gov,,,United States,,,United States,Government Data,Government,Government Portal,Regulation; Legislation; Government Contract; Policy,English,Free,Official source URL verified on 2026-07-27.
Congressional Budget Office,https://www.cbo.gov,,,United States,,,United States,Government Research,Economics,Government Agency,Economic Development; Regulation; Labor Market Trends; Government,English,Free,Official source URL verified on 2026-07-27.
Connecticut Department of Economic and Community Development,https://portal.ct.gov/decd,,,United States,,,State,Economic Development,Government,Government Agency,Companies; Funding; Hiring; Partnership; Economic Development,English,Free/Paid,Official source URL verified on 2026-07-27.
Consumer Financial Protection Bureau,https://www.consumerfinance.gov,,,United States,,,National,Regulator,Finance,Government Agency,Companies; Funding; Hiring; Partnership; Economic Development,English,Free/Paid,Official source URL verified on 2026-07-27.
Cooley GO,https://www.cooleygo.com,,,United States,,,National,Startup Resource,Technology,Professional Services Firm,Companies; Funding; Hiring; Partnership; Economic Development,English,Free/Paid,Official source URL verified on 2026-07-27.
CORDIS,https://cordis.europa.eu,,,European Union,,,Europe,Research Funding,Science & Technology,EU Portal,Companies; Funding; Hiring; Partnership; Economic Development,English,Free/Paid,Official source URL verified on 2026-07-27.
Cornell Center for Technology Licensing,https://ctl.cornell.edu,,,United States,,,University,University Innovation,Technology,Technology Transfer Office,Companies; Funding; Hiring; Partnership; Economic Development,English,Free/Paid,Official source URL verified on 2026-07-27.
Council of Development Finance Agencies,https://www.cdfa.net,,,United States,,,National,Economic Development,Government,Professional Association,Companies; Funding; Hiring; Partnership; Economic Development,English,Free/Paid,Official source URL verified on 2026-07-27.
Council on Foreign Relations,https://www.cfr.org,,,United States,,,Global,Policy Research,Government,Research Institute,Policy; Regulation; Economic Development; Geopolitics,English,Free,Official source URL verified on 2026-07-27.
CrowdStrike Newsroom,https://www.crowdstrike.com/newsroom/,,,United States,,,Global,Company Newsroom,Cybersecurity,Company Newsroom,Companies; Funding; Hiring; Partnership; Economic Development,English,Free/Paid,Official source URL verified on 2026-07-27.
Crunchbase,https://www.crunchbase.com,,,United States,,,Global,Startup & Funding Intelligence,Technology,Data Provider,Funding; Startups; Investors; Acquisition; Executive Hire,English,Free/Paid,Official source URL verified on 2026-07-27.
CTech,https://www.calcalistech.com,,,Israel,,,Global,Technology News,Technology,News Organization,Companies; Funding; Hiring; Partnership; Economic Development,English,Free/Paid,Official source URL verified on 2026-07-27.
Cybersecurity and Infrastructure Security Agency,https://www.cisa.gov,,,United States,,,United States,Government & Cybersecurity,Cybersecurity,Government Agency,Cybersecurity; Regulation; Government Contract; Hiring,English,Free,Official source URL verified on 2026-07-27.
Dallas Business Journal,https://www.bizjournals.com/dallas,,,United States,Texas,Dallas,Metro,Business Journal,Multi-industry,Business Journal,Companies; Executive Hire; Office Opening; Hiring Plans; Funding,English,Free/Paid,Official source URL verified on 2026-07-27.
Dallas Innovates,https://dallasinnovates.com,,,United States,Texas,Dallas,Metro,Startup & Technology News,Technology,News Organization,Startups; Funding; Product Launch; Hiring,English,Free,Official source URL verified on 2026-07-27.
Data.gov,https://data.gov,,,United States,,,United States,Government Open Data,Government,Open Data Portal,Open Data; Economic Development; Labor Market Trends; Procurement,English,Free,Official source URL verified on 2026-07-27.
Dealroom,https://dealroom.co,,,Netherlands,,,Global,Startup Intelligence,Technology,Data Provider,Funding; Startups; Investors; Ecosystem Trends,English,Free/Paid,Official source URL verified on 2026-07-27.
Defense Advanced Research Projects Agency,https://www.darpa.mil,,,United States,,,National,Government Research,Defense,Government Agency,Companies; Funding; Hiring; Partnership; Economic Development,English,Free/Paid,Official source URL verified on 2026-07-27.
Defense Logistics Agency,https://www.dla.mil,,,United States,,,United States,Public Procurement,Defense,Government Agency,Defense Contract; Procurement; Government Contract,English,Free,Official source URL verified on 2026-07-27.
Defense One,https://www.defenseone.com,,,United States,,,United States,Trade Publication,Defense,News Organization,Defense Contract; Government Contract; Technology; Regulation,English,Free/Paid,Official source URL verified on 2026-07-27.
Delaware Business Times,https://delawarebusinesstimes.com,,,United States,,,State,Business Journal,Multi-industry,News Organization,Companies; Funding; Hiring; Partnership; Economic Development,English,Free/Paid,Official source URL verified on 2026-07-27.
Delaware Division of Corporations,https://corp.delaware.gov,,,United States,Delaware,,State,Business Registry,Government,Government Registry,Incorporation; Company Filings; Business Registration,English,Free/Paid,Official source URL verified on 2026-07-27.
Deloitte Insights,https://www.deloitte.com/us/en/insights.html,,,United States,,,Global,Professional Services Research,Multi-industry,Professional Services Firm,Workforce Trends; M&A; Technology; Industry Trends,English,Free,Official source URL verified on 2026-07-27.
Denver Business Journal,https://www.bizjournals.com/denver,,,United States,,,Metro,Business Journal,Multi-industry,Business Journal,Companies; Funding; Hiring; Partnership; Economic Development,English,Free/Paid,Official source URL verified on 2026-07-27.
Department of Energy,https://www.energy.gov,,,United States,,,United States,Government Agency,Energy,Government Agency,Grants; Government Contract; Clean Energy; New Facility,English,Free,Official source URL verified on 2026-07-27.
Department of Energy Loan Programs Office,https://www.energy.gov/lpo,,,United States,,,National,Government Finance,Clean Energy,Government Agency,Companies; Funding; Hiring; Partnership; Economic Development,English,Free/Paid,Official source URL verified on 2026-07-27.
Department of Labor,https://www.dol.gov,,,United States,,,United States,Government Agency,Labor Market,Government Agency,Labor Market Trends; Regulation; Workforce Planning; Grants,English,Free,Official source URL verified on 2026-07-27.
Detroit Regional Partnership,https://www.detroitregionalpartnership.com,,,United States,Michigan,Detroit,Metro,Economic Development,Government,Economic Development Organization,Economic Development; New Facility; Hiring Plans; Geographic Expansion,English,Free,Official source URL verified on 2026-07-27.
Digital Commerce 360,https://www.digitalcommerce360.com,,,United States,,,National,Trade Publication,Retail; E-commerce,News Organization,Companies; Funding; Hiring; Partnership; Economic Development,English,Free/Paid,Official source URL verified on 2026-07-27.
Digital.gov,https://digital.gov,,,United States,,,United States,Government Technology,Government; Technology,Government Community,Government Contract; Technology; Digital Services,English,Free,Official source URL verified on 2026-07-27.
Dow Jones Newswires,https://www.dowjones.com/professional/,,,United States,,,Global,Financial News,Finance,News Organization,Companies; Funding; Hiring; Partnership; Economic Development,English,Free/Paid,Official source URL verified on 2026-07-27.
Economic Development Administration,https://www.eda.gov,,,United States,,,National,Economic Development,Government,Government Agency,Companies; Funding; Hiring; Partnership; Economic Development,English,Free/Paid,Official source URL verified on 2026-07-27.
Economic Innovation Group,https://eig.org,,,United States,,,National,Economic Development Research,Economics,Research Organization,Companies; Funding; Hiring; Partnership; Economic Development,English,Free/Paid,Official source URL verified on 2026-07-27.
Economist Intelligence Unit,https://www.eiu.com,,,United Kingdom,,,Global,Economic Intelligence,Economics,Research Provider,Companies; Funding; Hiring; Partnership; Economic Development,English,Free/Paid,Official source URL verified on 2026-07-27.
EDGAR Online,https://www.edgar-online.com,,,United States,,,United States,SEC Filings,Finance,Data Provider,Company Filings; Earnings; Financial Results,English,Paid,Official source URL verified on 2026-07-27.
EIN Presswire,https://www.einpresswire.com,,,United States,,,Global,Press Release Service,Multi-industry,Press Release Service,Funding; Product Launch; Partnership; Executive Hire,English,Free/Paid,Press-release distribution service; evaluate issuer credibility at event level.
Elevate Ventures,https://elevateventures.com,,,United States,Indiana,,State,Venture Capital,Technology,VC Firm,Funding; Startups; Economic Development; Hiring,English,Free,Official source URL verified on 2026-07-27.
Empire State Development,https://esd.ny.gov,,,United States,New York,,State,Economic Development,Government,Government Agency,Economic Development; Grant; New Facility; Hiring Plans,English,Free,Official source URL verified on 2026-07-27.
Energy Information Administration,https://www.eia.gov,,,United States,,,United States,Government Open Data,Energy,Government Agency,Energy Trends; Economic Development; New Facility; Regulation,English,Free,Official source URL verified on 2026-07-27.
Entrepreneur,https://www.entrepreneur.com,,,United States,,,Global,Business & Startup News,Multi-industry,News Organization,Startups; Funding; Leadership; Hiring,English,Free/Paid,Official source URL verified on 2026-07-27.
EU-Startups,https://www.eu-startups.com,,,Germany,,,Europe,Startup News,Technology,News Organization,Funding; Startups; Venture Capital; Product Launch,English,Free,Official source URL verified on 2026-07-27.
European Banking Authority,https://www.eba.europa.eu,,,France,,,Europe,Regulator,Finance,EU Agency,Companies; Funding; Hiring; Partnership; Economic Development,English,Free/Paid,Official source URL verified on 2026-07-27.
European Commission TED,https://ted.europa.eu,,,European Union,,,Europe,Public Procurement,Government,Government Portal,Procurement; Government Contract; Public Tender,English,Free,Official source URL verified on 2026-07-27.
European Patent Office,https://www.epo.org,,,Germany,,,Europe,Patent Database,Intellectual Property,Patent Office,Patent; Technology; Company Research,English,Free/Paid,Official source URL verified on 2026-07-27.
European Securities and Markets Authority,https://www.esma.europa.eu,,,France,,,Europe,Regulator,Finance,EU Agency,Companies; Funding; Hiring; Partnership; Economic Development,English,Free/Paid,Official source URL verified on 2026-07-27.
Eurostat,https://ec.europa.eu/eurostat,,,European Union,,,Europe,Government Open Data,Economics,EU Agency,Labor Market Trends; Economic Development; Salary Trends; Industry Data,English,Free,Official source URL verified on 2026-07-27.
Exiger,https://www.exiger.com,,,United States,,,Global,Risk Intelligence,Government; Finance,Data Provider,Companies; Funding; Hiring; Partnership; Economic Development,English,Free/Paid,Official source URL verified on 2026-07-27.
Export-Import Bank of the United States,https://www.exim.gov,,,United States,,,National,Government Finance,Government,Government Agency,Companies; Funding; Hiring; Partnership; Economic Development,English,Free/Paid,Official source URL verified on 2026-07-27.
EY Insights,https://www.ey.com/en_us/insights,,,United States,,,Global,Professional Services Research,Multi-industry,Professional Services Firm,Companies; Funding; Hiring; Partnership; Economic Development,English,Free/Paid,Official source URL verified on 2026-07-27.
Fast Company,https://www.fastcompany.com,,,United States,,,Global,Business & Innovation News,Multi-industry,News Organization,Product Launch; Leadership; Workplace; Technology,English,Free/Paid,Official source URL verified on 2026-07-27.
Fastmarkets,https://www.fastmarkets.com,,,United Kingdom,,,Global,Commodity Intelligence,Mining; Manufacturing,Data Provider,Companies; Funding; Hiring; Partnership; Economic Development,English,Free/Paid,Official source URL verified on 2026-07-27.
Federal Aviation Administration,https://www.faa.gov,,,United States,,,United States,Government Agency,Aerospace,Government Agency,Regulation; Aerospace; Government Contract; Safety,English,Free,Official source URL verified on 2026-07-27.
Federal Communications Commission,https://www.fcc.gov,,,United States,,,National,Regulator,Telecommunications,Government Agency,Companies; Funding; Hiring; Partnership; Economic Development,English,Free/Paid,Official source URL verified on 2026-07-27.
Federal Deposit Insurance Corporation,https://www.fdic.gov,,,United States,,,United States,Government Agency,Finance,Regulator,Regulation; Banking; Financial Results; Enforcement,English,Free,Official source URL verified on 2026-07-27.
Federal Reserve Bank of Dallas,https://www.dallasfed.org,,,United States,,,Regional,Economic Data,Economics,Central Bank,Companies; Funding; Hiring; Partnership; Economic Development,English,Free/Paid,Official source URL verified on 2026-07-27.
Federal Reserve Board,https://www.federalreserve.gov,,,United States,,,United States,Economic Data,Economics,Central Bank,Economic Development; Labor Market Trends; Regulation; Financial Results,English,Free,Official source URL verified on 2026-07-27.
Federal Trade Commission,https://www.ftc.gov,,,United States,,,National,Regulator,Government,Government Agency,Companies; Funding; Hiring; Partnership; Economic Development,English,Free/Paid,Official source URL verified on 2026-07-27.
FedTech,https://fedtech.io,,,United States,,,National,Startup Ecosystem,Technology,Accelerator,Companies; Funding; Hiring; Partnership; Economic Development,English,Free/Paid,Official source URL verified on 2026-07-27.
Fidelity,https://www.fidelity.com,,,United States,,,Global,Financial Intelligence,Finance,Financial Services Firm,Companies; Funding; Hiring; Partnership; Economic Development,English,Free/Paid,Official source URL verified on 2026-07-27.
Figma Blog,https://www.figma.com/blog/,,,United States,,,Global,Company Newsroom,Technology,Company Blog,Product Launch; Partnership; Hiring; Technology,English,Free,Official source URL verified on 2026-07-27.
Financial Times,https://www.ft.com,,,United Kingdom,,,Global,Global Business News,Multi-industry,News Organization,Companies; Markets; Acquisition; Executive Hire; Economics,English,Free/Paid,Official source URL verified on 2026-07-27.
FINRA,https://www.finra.org,,,United States,,,United States,Regulatory Filings,Finance,Regulator,Regulation; Enforcement; Compliance; Brokerage,English,Free,Official source URL verified on 2026-07-27.
Florida Trend,https://www.floridatrend.com,,,United States,,,State,Business News,Multi-industry,News Organization,Companies; Funding; Hiring; Partnership; Economic Development,English,Free/Paid,Official source URL verified on 2026-07-27.
FloridaCommerce,https://floridajobs.org,,,United States,,,State,Economic Development,Government,Government Agency,Companies; Funding; Hiring; Partnership; Economic Development,English,Free/Paid,Official source URL verified on 2026-07-27.
Food and Drug Administration,https://www.fda.gov,,,United States,,,National,Regulator,Healthcare,Government Agency,Companies; Funding; Hiring; Partnership; Economic Development,English,Free/Paid,Official source URL verified on 2026-07-27.
Food Dive,https://www.fooddive.com,,,United States,,,United States,Trade Publication,Food & Beverage,News Organization,Product Launch; Acquisition; Hiring; New Facility,English,Free/Paid,Official source URL verified on 2026-07-27.
Forbes,https://www.forbes.com,,,United States,,,Global,Business & Entrepreneurship,Multi-industry,News Organization,Entrepreneurs; Companies; Leadership; Startups,English,Free/Paid,Official source URL verified on 2026-07-27.
Forge Global,https://forgeglobal.com,,,United States,,,Global,Private Market Intelligence,Finance,Data Provider,Companies; Funding; Hiring; Partnership; Economic Development,English,Free/Paid,Official source URL verified on 2026-07-27.
Fortune,https://fortune.com,,,United States,,,Global,Business News,Multi-industry,News Organization,Companies; Executive Hire; Rankings; Strategy; Workplace,English,Free/Paid,Official source URL verified on 2026-07-27.
Founders Fund,https://foundersfund.com,,,United States,,,Global,Venture Capital,Technology,VC Firm,Funding; Portfolio Companies; Defense; AI,English,Free,Official source URL verified on 2026-07-27.
FRED,https://fred.stlouisfed.org,,,United States,,,United States,Economic Data,Economics,Central Bank Data Portal,Economic Development; Employment Trends; Salary Trends; Industry Data,English,Free,Official source URL verified on 2026-07-27.
G2,https://www.g2.com,,,United States,,,Global,Technology Intelligence,Technology,Data Provider,Companies; Funding; Hiring; Partnership; Economic Development,English,Free/Paid,Official source URL verified on 2026-07-27.
Gartner,https://www.gartner.com,,,United States,,,Global,Market Intelligence,Technology,Research Provider,Technology Trends; Skills Trends; Product Launch; Market Research,English,Paid,Official source URL verified on 2026-07-27.
General Catalyst,https://www.generalcatalyst.com,,,United States,,,Global,Venture Capital,Technology; Healthcare,VC Firm,Funding; Portfolio Companies; Healthcare; AI,English,Free,Official source URL verified on 2026-07-27.
Georgetown Center for Security and Emerging Technology,https://cset.georgetown.edu,,,United States,,,United States,Research Institute,AI; Defense,Research Institute,AI; Policy; Talent; Research Publication,English,Free,Official source URL verified on 2026-07-27.
Georgia Department of Economic Development,https://georgia.org,,,United States,Georgia,,State,Economic Development,Government,Government Agency,Economic Development; New Facility; Hiring Plans; Geographic Expansion,English,Free,Official source URL verified on 2026-07-27.
Georgia Tech VentureLab,https://venturelab.gatech.edu,,,United States,,,University,University Innovation,Technology,Technology Transfer Office,Companies; Funding; Hiring; Partnership; Economic Development,English,Free/Paid,Official source URL verified on 2026-07-27.
GigaOm,https://gigaom.com,,,United States,,,Global,Technology Research,Technology,Research Provider,Technology Trends; Cloud; AI; Product Launch,English,Free/Paid,Official source URL verified on 2026-07-27.
GitHub,https://github.com,,,United States,,,Global,Developer Community,Technology,Developer Platform,Open Source; Developer Community; Product Launch; Hiring,English,Free/Paid,Official source URL verified on 2026-07-27.
GitLab Newsroom,https://about.gitlab.com/press/,,,United States,,,Global,Company Newsroom,Technology,Company Newsroom,Companies; Funding; Hiring; Partnership; Economic Development,English,Free/Paid,Official source URL verified on 2026-07-27.
Glassdoor Research,https://www.glassdoor.com/research,,,United States,,,Global,Labor Market Intelligence,Labor Market,Research Provider,Salary Trends; Labor Market Trends; Hiring; Workforce Trends,English,Free,Official source URL verified on 2026-07-27.
GlobalData,https://www.globaldata.com,,,United Kingdom,,,Global,Market Intelligence,Multi-industry,Data Provider,Companies; M&A; Technology; Industry Trends,English,Paid,Official source URL verified on 2026-07-27.
GlobeNewswire,https://www.globenewswire.com,,,United States,,,Global,Press Release Service,Multi-industry,Press Release Service,Earnings; Funding; Product Launch; Partnership; Executive Hire,English,Free,Official source URL verified on 2026-07-27.
Goldman Sachs,https://www.goldmansachs.com,,,United States,,,Global,Financial Intelligence,Finance,Financial Services Firm,Companies; Funding; Hiring; Partnership; Economic Development,English,Free/Paid,Official source URL verified on 2026-07-27.
Google Newsroom,https://blog.google,,,United States,,,Global,Company Newsroom,Technology,Company Newsroom,Product Launch; AI; Partnership; Hiring Plans; Geographic Expansion,English,Free,Official source URL verified on 2026-07-27.
Government Technology,https://www.govtech.com,,,United States,,,National,Government Technology News,Government; Technology,News Organization,Companies; Funding; Hiring; Partnership; Economic Development,English,Free/Paid,Official source URL verified on 2026-07-27.
GovWin,https://www.deltek.com/en/government-contracting,,,United States,,,United States,Government Contract Intelligence,Government,Data Provider,Government Contract; Procurement; Federal Contract,English,Paid,Official source URL verified on 2026-07-27.
Grants.gov,https://www.grants.gov,,,United States,,,United States,Government Grants,Government,Government Portal,Grant; Research Funding; Government Program,English,Free,Official source URL verified on 2026-07-27.
Greater Houston Partnership,https://www.houston.org,,,United States,,,Metro,Economic Development,Government,Business Association,Companies; Funding; Hiring; Partnership; Economic Development,English,Free/Paid,Official source URL verified on 2026-07-27.
Greater MSP Partnership,https://greatermsp.org,,,United States,,,Metro,Economic Development,Government,Economic Development Organization,Companies; Funding; Hiring; Partnership; Economic Development,English,Free/Paid,Official source URL verified on 2026-07-27.
GreenBiz,https://www.greenbiz.com,,,United States,,,Global,Trade Publication,Climate Tech,News Organization,Climate Tech; Clean Energy; New Facility; Partnership,English,Free/Paid,Official source URL verified on 2026-07-27.
GV,https://www.gv.com,,,United States,,,Global,Corporate Venture Capital,Technology,Corporate VC,Funding; Portfolio Companies; AI; Healthcare,English,Free,Google's venture capital arm.
Harvard Business Review,https://hbr.org,,,United States,,,Global,Management & Workforce Research,Human Resources,Publication,Workforce Trends; Leadership; Skills Trends; Strategy,English,Free/Paid,Official source URL verified on 2026-07-27.
Harvard Innovation Labs,https://innovationlabs.harvard.edu,,,United States,Massachusetts,Boston,University,University Innovation,Technology,Accelerator,Startups; University Research; Spinout; Funding,English,Free,Official source URL verified on 2026-07-27.
Harvard Office of Technology Development,https://otd.harvard.edu,,,United States,,,University,University Innovation,Technology,Technology Transfer Office,Companies; Funding; Hiring; Partnership; Economic Development,English,Free/Paid,Official source URL verified on 2026-07-27.
Health Affairs,https://www.healthaffairs.org,,,United States,,,National,Healthcare Research,Healthcare,Publication,Companies; Funding; Hiring; Partnership; Economic Development,English,Free/Paid,Official source URL verified on 2026-07-27.
Health and Human Services,https://www.hhs.gov,,,United States,,,United States,Government Agency,Healthcare,Government Agency,Healthcare Trends; Regulation; Grant; Workforce Trends,English,Free,Official source URL verified on 2026-07-27.
Healthcare Dive,https://www.healthcaredive.com,,,United States,,,United States,Trade Publication,Healthcare,News Organization,Healthcare; Acquisition; Regulation; Hiring; Product Launch,English,Free/Paid,Official source URL verified on 2026-07-27.
Honeywell Newsroom,https://www.honeywell.com/us/en/press,,,United States,,,Global,Company Newsroom,Manufacturing,Company Newsroom,Companies; Funding; Hiring; Partnership; Economic Development,English,Free/Paid,Official source URL verified on 2026-07-27.
Houston Business Journal,https://www.bizjournals.com/houston,,,United States,,,Metro,Business Journal,Multi-industry,Business Journal,Companies; Funding; Hiring; Partnership; Economic Development,English,Free/Paid,Official source URL verified on 2026-07-27.
HR Dive,https://www.hrdive.com,,,United States,,,United States,Trade Publication,Human Resources,News Organization,Hiring; Layoffs; HR Technology; Regulation; Workforce Trends,English,Free/Paid,Official source URL verified on 2026-07-27.
HubSpot Newsroom,https://www.hubspot.com/company-news,,,United States,,,Global,Company Newsroom,Technology,Company Newsroom,Product Launch; Partnership; Hiring; Executive Hire,English,Free,Official source URL verified on 2026-07-27.
IDC,https://www.idc.com,,,United States,,,Global,Market Intelligence,Technology,Research Provider,Companies; Funding; Hiring; Partnership; Economic Development,English,Free/Paid,Official source URL verified on 2026-07-27.
IEEE,https://www.ieee.org,,,United States,,,Global,Professional Association,Technology,Professional Association,Research Publication; Technology; Conferences; Skills Trends,English,Free/Paid,Official source URL verified on 2026-07-27.
Illinois Department of Commerce and Economic Opportunity,https://dceo.illinois.gov,,,United States,Illinois,,State,Economic Development,Government,Government Agency,Economic Development; Grant; New Facility; Hiring Plans,English,Free,Official source URL verified on 2026-07-27.
Illinois Institute of Technology,https://www.iit.edu,,,United States,,,University,University Innovation,Technology,University,Companies; Funding; Hiring; Partnership; Economic Development,English,Free/Paid,Official source URL verified on 2026-07-27.
Inc.,https://www.inc.com,,,United States,,,United States,Business & Startup News,Multi-industry,News Organization,Startups; Funding; Leadership; Hiring,English,Free/Paid,Official source URL verified on 2026-07-27.
Indeed Hiring Lab,https://www.hiringlab.org,,,United States,,,Global,Labor Market Intelligence,Labor Market,Research Provider,Job Postings; Hiring Plans; Labor Market Trends; Salary Trends,English,Free,Official source URL verified on 2026-07-27.
Indiana Business Research Center,https://ibrc.iu.edu,,,United States,,,State,Economic Research,Economics,Research Institute,Companies; Funding; Hiring; Partnership; Economic Development,English,Free/Paid,Official source URL verified on 2026-07-27.
Indiana Economic Development Corporation,https://iedc.in.gov,,,United States,Indiana,,State,Economic Development,Government,Government Agency,Economic Development; New Facility; Hiring Plans; Grant,English,Free,Official source URL verified on 2026-07-27.
InfoWorld,https://www.infoworld.com,,,United States,,,Global,Technology News,Technology,Trade Publication,Product Launch; AI; Cloud; Developer Community,English,Free,Official source URL verified on 2026-07-27.
"Innovation, Science and Economic Development Canada",https://ised-isde.canada.ca,,,Canada,,,National,Government Agency,Government,Government Agency,Companies; Funding; Hiring; Partnership; Economic Development,English,Free/Paid,Official source URL verified on 2026-07-27.
Insight Partners,https://www.insightpartners.com,,,United States,,,Global,Private Equity & Venture Capital,Technology,Investment Firm,Acquisition; Funding; Portfolio Companies; Software,English,Free,Official source URL verified on 2026-07-27.
Institutional Investor,https://www.institutionalinvestor.com,,,United States,,,Global,Financial News,Finance,News Organization,Markets; Asset Management; Executive Hire; Investment,English,Free/Paid,Official source URL verified on 2026-07-27.
Insurtech Insights,https://www.insurtechinsights.com,,,Denmark,,,Global,Industry Community,Insurance,Conference Organizer,Companies; Funding; Hiring; Partnership; Economic Development,English,Free/Paid,Official source URL verified on 2026-07-27.
Intel Newsroom,https://www.intel.com/content/www/us/en/newsroom/home.html,,,United States,,,Global,Company Newsroom,Semiconductors,Company Newsroom,Product Launch; New Facility; Hiring Plans; Partnership; Earnings,English,Free,Official source URL verified on 2026-07-27.
Intercontinental Exchange,https://www.ice.com,,,United States,,,Global,Financial Intelligence,Finance,Exchange Operator,Markets; Financial Results; Acquisition; Regulation,English,Free/Paid,Official source URL verified on 2026-07-27.
International Energy Agency,https://www.iea.org,,,France,,,Global,Energy Data,Energy,International Organization,Energy Trends; Clean Energy; Economic Development; Policy,English,Free/Paid,Official source URL verified on 2026-07-27.
International Labour Organization ILOSTAT,https://ilostat.ilo.org,,,Switzerland,,,Global,Labor Market Intelligence,Labor Market,International Organization,Labor Market Trends; Employment Trends; Salary Trends; Workforce Trends,English,Free,Official source URL verified on 2026-07-27.
International Monetary Fund,https://www.imf.org,,,United States,,,Global,Economic Data,Economics,International Organization,Economic Development; Labor Market Trends; Financial Results; Policy,English,Free,Official source URL verified on 2026-07-27.
International Trade Administration,https://www.trade.gov,,,United States,,,Global,Economic Development,Government,Government Agency,Companies; Funding; Hiring; Partnership; Economic Development,English,Free/Paid,Official source URL verified on 2026-07-27.
Investing.com,https://www.investing.com,,,United States,,,Global,Financial News,Multi-industry,News Organization,Markets; Earnings; IPO; Companies; Economics,English,Free/Paid,Official source URL verified on 2026-07-27.
Iowa Economic Development Authority,https://ieda.iowa.gov,,,United States,,,State,Economic Development,Government,Government Agency,Companies; Funding; Hiring; Partnership; Economic Development,English,Free/Paid,Official source URL verified on 2026-07-27.
Japan External Trade Organization,https://www.jetro.go.jp/en/,,,Japan,,,National,Economic Development,Government,Government Agency,Economic Development; Geographic Expansion; Trade; Investment,English,Free,Official source URL verified on 2026-07-27.
JLL Research,https://www.us.jll.com/en/trends-and-insights/research,,,United States,,,Global,Commercial Real Estate Intelligence,Commercial Real Estate,Research Provider,Companies; Funding; Hiring; Partnership; Economic Development,English,Free/Paid,Official source URL verified on 2026-07-27.
JobsOhio,https://www.jobsohio.com,,,United States,Ohio,,State,Economic Development,Government,Economic Development Organization,Economic Development; New Facility; Hiring Plans; Geographic Expansion,English,Free,Official source URL verified on 2026-07-27.
Johns Hopkins Technology Ventures,https://ventures.jhu.edu,,,United States,,,University,University Innovation,Healthcare; Technology,Technology Transfer Office,Companies; Funding; Hiring; Partnership; Economic Development,English,Free/Paid,Official source URL verified on 2026-07-27.
Kansas City Business Journal,https://www.bizjournals.com/kansascity,,,United States,Missouri,Kansas City,Metro,Business Journal,Multi-industry,Business Journal,Companies; Executive Hire; Funding; Hiring Plans; Office Opening,English,Free/Paid,Official source URL verified on 2026-07-27.
Kauffman Foundation,https://www.kauffman.org,,,United States,,,United States,Startup Ecosystem,Entrepreneurship,Research Foundation,Startups; Economic Development; Workforce Trends; Research,English,Free,Official source URL verified on 2026-07-27.
Kentucky Cabinet for Economic Development,https://ced.ky.gov,,,United States,Kentucky,,State,Economic Development,Government,Government Agency,Economic Development; New Facility; Hiring Plans; Manufacturing Expansion,English,Free,Official source URL verified on 2026-07-27.
KFF,https://www.kff.org,,,United States,,,United States,Healthcare Research,Healthcare,Research Organization,Healthcare; Policy; Workforce Trends; Regulation,English,Free,Official source URL verified on 2026-07-27.
Khosla Ventures,https://www.khoslaventures.com,,,United States,,,Global,Venture Capital,Technology,VC Firm,Funding; Portfolio Companies; AI; Climate Tech,English,Free,Official source URL verified on 2026-07-27.
KKR,https://www.kkr.com,,,United States,,,Global,Private Equity,Multi-industry,Private Equity Firm,Acquisition; Investment; Portfolio Companies; Executive Hire,English,Free,Official source URL verified on 2026-07-27.
La French Tech,https://lafrenchtech.gouv.fr,,,France,,,National,Startup Ecosystem,Technology,Government Program,Companies; Funding; Hiring; Partnership; Economic Development,English,Free/Paid,Official source URL verified on 2026-07-27.
Las Vegas Global Economic Alliance,https://lvgea.org,,,United States,Nevada,Las Vegas,Metro,Economic Development,Government,Economic Development Organization,Economic Development; New Facility; Hiring Plans; Geographic Expansion,English,Free,Official source URL verified on 2026-07-27.
Lightcast,https://lightcast.io,,,United States,,,Global,Labor & Skills Intelligence,Labor Market,Data Provider,Skills Trends; Job Postings; Salary Trends; Workforce Planning,English,Paid,Official source URL verified on 2026-07-27.
Lightspeed Venture Partners,https://lsvp.com,,,United States,,,Global,Venture Capital,Technology,VC Firm,Funding; Portfolio Companies; Enterprise Software; Healthcare,English,Free,Official source URL verified on 2026-07-27.
LinkedIn Economic Graph,https://economicgraph.linkedin.com,,,United States,,,Global,Labor Market Intelligence,Labor Market,Research Provider,Hiring; Skills Trends; Workforce Trends; Job Postings,English,Free,Official source URL verified on 2026-07-27.
LinkedIn News,https://www.linkedin.com/news/,,,United States,,,Global,Business News,Multi-industry,News Organization,Executive Hire; Hiring; Layoffs; Companies; Workforce Trends,English,Free,Official source URL verified on 2026-07-27.
Linux Foundation,https://www.linuxfoundation.org,,,United States,,,Global,Open Source Community,Technology,Nonprofit Foundation,Open Source; Developer Community; Partnership; Technology,English,Free,Official source URL verified on 2026-07-27.
Los Angeles Business Journal,https://labusinessjournal.com,,,United States,California,Los Angeles,Metro,Business Journal,Multi-industry,Business Journal,Companies; Executive Hire; Hiring Plans; Office Opening; Funding,English,Free/Paid,Official source URL verified on 2026-07-27.
Los Angeles County Economic Development Corporation,https://laedc.org,,,United States,California,Los Angeles,Metro,Economic Development,Government,Economic Development Organization,Economic Development; New Facility; Hiring Plans; Geographic Expansion,English,Free,Official source URL verified on 2026-07-27.
M12,https://m12.vc,,,United States,,,Global,Corporate Venture Capital,Technology,Corporate VC,Funding; Portfolio Companies; AI; Enterprise Software,English,Free,Microsoft venture fund.
MarketWatch,https://www.marketwatch.com,,,United States,,,Global,Financial News,Multi-industry,News Organization,Markets; Companies; Earnings; IPO; Personal Finance,English,Free/Paid,Official source URL verified on 2026-07-27.
Massachusetts Technology Collaborative,https://masstech.org,,,United States,Massachusetts,,State,Economic Development,Technology,Government-Supported Organization,Economic Development; Grant; Technology; New Facility,English,Free,Official source URL verified on 2026-07-27.
McKinsey Global Institute,https://www.mckinsey.com/mgi,,,United States,,,Global,Economic & Workforce Research,Multi-industry,Research Institute,Workforce Trends; Economic Development; AI; Skills Trends,English,Free,Official source URL verified on 2026-07-27.
MedCity News,https://medcitynews.com,,,United States,,,United States,Healthcare News,Healthcare,News Organization,Healthcare; Funding; Product Launch; Acquisition; Hiring,English,Free,Official source URL verified on 2026-07-27.
Miami Herald Business,https://www.miamiherald.com/news/business/,,,United States,Florida,Miami,Metro,Business News,Multi-industry,News Organization,Companies; Economic Development; Office Opening; Hiring,English,Free/Paid,Official source URL verified on 2026-07-27.
Microsoft News,https://news.microsoft.com,,,United States,,,Global,Company Newsroom,Technology,Company Newsroom,Product Launch; AI; Partnership; Hiring Plans; Acquisition,English,Free,Official source URL verified on 2026-07-27.
Milwaukee Business Journal,https://www.bizjournals.com/milwaukee,,,United States,Wisconsin,Milwaukee,Metro,Business Journal,Multi-industry,Business Journal,Companies; Executive Hire; Hiring Plans; Funding; Office Opening,English,Free/Paid,Official source URL verified on 2026-07-27.
MIT Technology Review,https://www.technologyreview.com,,,United States,,,Global,Technology News,Technology,Publication,AI; Technology; Research; Product Launch,English,Free/Paid,Official source URL verified on 2026-07-27.
Morningstar,https://www.morningstar.com,,,United States,,,Global,Financial Intelligence,Multi-industry,Research Provider,Markets; Earnings; Funds; Companies; Investment,English,Free/Paid,Official source URL verified on 2026-07-27.
National Association of Manufacturers,https://nam.org,,,United States,,,United States,Industry Association,Manufacturing,Industry Association,Manufacturing Expansion; Workforce Trends; Policy; Hiring Plans,English,Free,Official source URL verified on 2026-07-27.
National Governors Association,https://www.nga.org,,,United States,,,United States,Government Association,Government,Professional Association,Policy; Economic Development; Workforce Trends; Regulation,English,Free,Official source URL verified on 2026-07-27.
National Institute for Health and Care Excellence,https://www.nice.org.uk,,,United Kingdom,,,National,Healthcare Regulation,Healthcare,Government Agency,Healthcare; Regulation; Compliance; Technology Assessment,English,Free,Official source URL verified on 2026-07-27.
National Institutes of Health RePORTER,https://reporter.nih.gov,,,United States,,,United States,Research Funding,Healthcare,Government Database,Grant; University Research; Research Funding; Biotechnology,English,Free,Official source URL verified on 2026-07-27.
National Science Foundation Awards,https://www.nsf.gov/awardsearch,,,United States,,,United States,Research Funding,Science & Technology,Government Database,Grant; University Research; Research Funding,English,Free,Official source URL verified on 2026-07-27.
National Venture Capital Association,https://nvca.org,,,United States,,,United States,Venture Capital,Technology,Industry Association,Funding; Venture Capital; Policy; Market Trends,English,Free,Official source URL verified on 2026-07-27.
Nature,https://www.nature.com,,,United Kingdom,,,Global,Research Publication,Science & Technology,Publication,Research Publication; Biotechnology; AI; University Research,English,Free/Paid,Official source URL verified on 2026-07-27.
New Jersey Economic Development Authority,https://www.njeda.gov,,,United States,New Jersey,,State,Economic Development,Government,Government Agency,Economic Development; Grant; New Facility; Hiring Plans,English,Free,Official source URL verified on 2026-07-27.
New Mexico Economic Development Department,https://edd.newmexico.gov,,,United States,New Mexico,,State,Economic Development,Government,Government Agency,Economic Development; New Facility; Hiring Plans; Manufacturing Expansion,English,Free,Official source URL verified on 2026-07-27.
New York City Economic Development Corporation,https://edc.nyc,,,United States,New York,New York,City,Economic Development,Government,Economic Development Organization,Economic Development; New Facility; Hiring Plans; Geographic Expansion,English,Free,Official source URL verified on 2026-07-27.
New York Times Business,https://www.nytimes.com/section/business,,,United States,,,United States / Global,Business News,Multi-industry,News Organization,Companies; Executive Hire; Acquisition; Labor Market Trends; Regulation,English,Free/Paid,Official source URL verified on 2026-07-27.
NIST,https://www.nist.gov,,,United States,,,United States,Government Research,Science & Technology,Government Agency,Technology; Cybersecurity; AI; Standards; Research,English,Free,Official source URL verified on 2026-07-27.
NVIDIA Newsroom,https://nvidianews.nvidia.com,,,United States,,,Global,Company Newsroom,Semiconductors; AI,Company Newsroom,AI; Product Launch; Partnership; Earnings; New Facility,English,Free,Official source URL verified on 2026-07-27.
O*NET OnLine,https://www.onetonline.org,,,United States,,,United States,Skills Intelligence,Labor Market,Government-Sponsored Database,Skills Trends; Occupation Data; Workforce Planning,English,Free,Official source URL verified on 2026-07-27.
OECD AI Policy Observatory,https://oecd.ai,,,France,,,Global,AI Policy & Data,Artificial Intelligence,International Organization,AI; Policy; Skills Trends; Regulation,English,Free,Official source URL verified on 2026-07-27.
OECD Data Explorer,https://data-explorer.oecd.org,,,France,,,Global,Economic & Labor Data,Economics,International Organization,Labor Market Trends; Salary Trends; Economic Development; Skills Trends,English,Free,Official source URL verified on 2026-07-27.
Ohio Department of Development,https://development.ohio.gov,,,United States,Ohio,,State,Economic Development,Government,Government Agency,Economic Development; Grant; New Facility; Hiring Plans,English,Free,Official source URL verified on 2026-07-27.
OpenAI News,https://openai.com/news,,,United States,,,Global,Company Newsroom,Artificial Intelligence,Company Newsroom,AI; Product Launch; Partnership; Research; Executive Hire,English,Free,Official source URL verified on 2026-07-27.
Orange County Business Journal,https://www.ocbj.com,,,United States,California,Irvine,Metro,Business Journal,Multi-industry,Business Journal,Companies; Executive Hire; Hiring Plans; Funding; Office Opening,English,Free/Paid,Official source URL verified on 2026-07-27.
Orlando Economic Partnership,https://theorlando.org,,,United States,Florida,Orlando,Metro,Economic Development,Government,Economic Development Organization,Economic Development; New Facility; Hiring Plans; Geographic Expansion,English,Free,Official source URL verified on 2026-07-27.
Our World in Data,https://ourworldindata.org,,,United Kingdom,,,Global,Open Data,Economics; Public Policy,Research Organization,Economic Development; Workforce Trends; Education; Health,English,Free,Official source URL verified on 2026-07-27.
Pew Research Center,https://www.pewresearch.org,,,United States,,,United States / Global,Research Institute,Public Policy,Research Organization,Workforce Trends; Technology; Demographics; Policy,English,Free,Official source URL verified on 2026-07-27.
Phoenix Business Journal,https://www.bizjournals.com/phoenix,,,United States,Arizona,Phoenix,Metro,Business Journal,Multi-industry,Business Journal,Companies; Executive Hire; Hiring Plans; Funding; Office Opening,English,Free/Paid,Official source URL verified on 2026-07-27.
PitchBook,https://pitchbook.com,,,United States,,,Global,Private Capital Intelligence,Finance,Data Provider,Funding; Acquisition; Private Equity; Venture Capital; Companies,English,Paid,Official source URL verified on 2026-07-27.
Pittsburgh Regional Alliance,https://pittsburghregion.org,,,United States,Pennsylvania,Pittsburgh,Metro,Economic Development,Government,Economic Development Organization,Economic Development; New Facility; Hiring Plans; Geographic Expansion,English,Free,Official source URL verified on 2026-07-27.
PR Newswire,https://www.prnewswire.com,,,United States,,,Global,Press Release Service,Multi-industry,Press Release Service,Earnings; Funding; Product Launch; Partnership; Executive Hire,English,Free/Paid,Official source URL verified on 2026-07-27.
PwC,https://www.pwc.com,,,United States,,,Global,Professional Services Research,Multi-industry,Professional Services Firm,Workforce Trends; M&A; Technology; Regulation; Industry Trends,English,Free,Official source URL verified on 2026-07-27.
Quartz,https://qz.com,,,United States,,,Global,Business News,Multi-industry,News Organization,Companies; Economics; Technology; Labor Market Trends,English,Free/Paid,Official source URL verified on 2026-07-27.
Reuters,https://www.reuters.com,,,United States,,,Global,Global Business News,Multi-industry,News Organization,Companies; Markets; Acquisition; Earnings; Executive Hire; Regulation,English,Free/Paid,Official source URL verified on 2026-07-27.
S&P Global,https://www.spglobal.com,,,United States,,,Global,Market Intelligence,Finance,Data Provider,Markets; Companies; Credit; Earnings; M&A,English,Paid,Official source URL verified on 2026-07-27.
SAM.gov,https://sam.gov,,,United States,,,United States,Public Procurement,Government,Government Portal,Procurement; Federal Contract; Government Contract,English,Free,Official source URL verified on 2026-07-27.
Science,https://www.science.org,,,United States,,,Global,Research Publication,Science & Technology,Publication,Research Publication; Biotechnology; University Research; Grant,English,Free/Paid,Official source URL verified on 2026-07-27.
SEC EDGAR,https://www.sec.gov/edgar,,,United States,,,United States,SEC Filings,Finance,Regulator,Earnings; IPO; Acquisition; Executive Hire; Company Filings,English,Free,Official source URL verified on 2026-07-27.
SelectUSA,https://www.trade.gov/selectusa,,,United States,,,Global,Economic Development,Government,Government Program,Companies; Funding; Hiring; Partnership; Economic Development,English,Free/Paid,Official source URL verified on 2026-07-27.
Sequoia Capital,https://www.sequoiacap.com,,,United States,,,Global,Venture Capital,Technology,VC Firm,Funding; Portfolio Companies; AI; Startups,English,Free,Official source URL verified on 2026-07-27.
Sifted,https://sifted.eu,,,United Kingdom,,,Europe,Startup News,Technology,News Organization,Funding; Startups; Venture Capital; Hiring; Technology,English,Free/Paid,Official source URL verified on 2026-07-27.
SoftBank Group,https://group.softbank/en,,,Japan,,,Global,Corporate Venture Capital,Technology,Investment Firm,Funding; Investment; Portfolio Companies; AI,English,Free,Official source URL verified on 2026-07-27.
Startup Genome,https://startupgenome.com,,,United States,,,Global,Startup Ecosystem,Technology,Research Organization,Startup Ecosystem; Funding; Economic Development; Innovation,English,Free/Paid,Official source URL verified on 2026-07-27.
TechCrunch,https://techcrunch.com,,,United States,,,Global,Startup & Technology News,Technology,News Organization,Funding; Startups; AI; Product Launch; Venture Capital,English,Free/Paid,Official source URL verified on 2026-07-27.
The Carlyle Group,https://www.carlyle.com,,,United States,,,Global,Private Equity,Multi-industry,Private Equity Firm,Acquisition; Investment; Portfolio Companies; Executive Hire,English,Free,Official source URL verified on 2026-07-27.
The Economist,https://www.economist.com,,,United Kingdom,,,Global,Global Business News,Multi-industry,News Organization,Economics; Policy; Companies; Labor Market Trends; Technology,English,Free/Paid,Official source URL verified on 2026-07-27.
The Information,https://www.theinformation.com,,,United States,,,Global,Technology & Business News,Technology,News Organization,Startups; Funding; Executive Hire; Product Launch; Technology,English,Paid,Official source URL verified on 2026-07-27.
The Wall Street Journal,https://www.wsj.com,,,United States,,,Global,Global Business News,Multi-industry,News Organization,Companies; Markets; Executive Hire; IPO; Acquisition,English,Free/Paid,Official source URL verified on 2026-07-27.
Thoma Bravo,https://www.thomabravo.com,,,United States,,,Global,Private Equity,Technology,Private Equity Firm,Acquisition; Investment; Portfolio Companies; Software,English,Free,Official source URL verified on 2026-07-27.
Tracxn,https://tracxn.com,,,India,,,Global,Startup Intelligence,Technology,Data Provider,Funding; Startups; Investors; Acquisition; Technology Trends,English,Free/Paid,Official source URL verified on 2026-07-27.
Trade Commissioner Service,https://www.tradecommissioner.gc.ca,,,Canada,,,Global,Economic Development,Government,Government Agency,Companies; Funding; Hiring; Partnership; Economic Development,English,Free/Paid,Official source URL verified on 2026-07-27.
U.S. Chamber of Commerce,https://www.uschamber.com,,,United States,,,National,Business Association,Multi-industry,Business Association,Companies; Funding; Hiring; Partnership; Economic Development,English,Free/Paid,Official source URL verified on 2026-07-27.
U.S. Department of Commerce,https://www.commerce.gov,,,United States,,,National,Government Agency,Government,Government Agency,Companies; Funding; Hiring; Partnership; Economic Development,English,Free/Paid,Official source URL verified on 2026-07-27.
U.S. Patent and Trademark Office,https://www.uspto.gov,,,United States,,,United States,Patent & Trademark Database,Intellectual Property,Government Agency,Patent; Trademark; Technology; Company Research,English,Free,Official source URL verified on 2026-07-27.
USAspending,https://www.usaspending.gov,,,United States,,,United States,Government Open Data,Government,Government Portal,Federal Contract; Grant; Government Contract; Procurement,English,Free,Official source URL verified on 2026-07-27.
USDA Economic Research Service,https://www.ers.usda.gov,,,United States,,,National,Government Research,Agriculture,Government Agency,Companies; Funding; Hiring; Partnership; Economic Development,English,Free/Paid,Official source URL verified on 2026-07-27.
VentureBeat,https://venturebeat.com,,,United States,,,Global,Technology News,Technology,News Organization,AI; Product Launch; Funding; Startups; Cybersecurity,English,Free/Paid,Official source URL verified on 2026-07-27.
WIPO,https://www.wipo.int,,,Switzerland,,,Global,Patent & Trademark Database,Intellectual Property,International Organization,Patent; Trademark; Intellectual Property; Innovation,English,Free,Official source URL verified on 2026-07-27.
World Bank Open Data,https://data.worldbank.org,,,United States,,,Global,Economic Development Data,Economics,International Organization,Economic Development; Labor Market Trends; Industry Data; Education,English,Free,Official source URL verified on 2026-07-27.
Y Combinator,https://www.ycombinator.com,,,United States,,,Global,Startup Ecosystem,Technology,Accelerator,Startups; Funding; Hiring; University Spinout,English,Free,Official source URL verified on 2026-07-27.
Yahoo Finance,https://finance.yahoo.com,,,United States,,,Global,Financial News,Multi-industry,News Organization,Markets; Companies; Earnings; IPO; Financial Results,English,Free/Paid,Official source URL verified on 2026-07-27.
ZipRecruiter Economic Research,https://www.ziprecruiter.com/blog/category/economic-research/,,,United States,,,Global,Labor Market Intelligence,Labor Market,Research Provider,Job Postings; Hiring Plans; Salary Trends; Labor Market Trends,English,Free,Official source URL verified on 2026-07-27.
